Product_Name,SKU_ID,Price,Primary_Use_Case,Key_Features,Top_Benefits,Technical_Specs,Bag_Material,Keywords
Large First Aid Kit,SX-FAK-LARGE,120.99,"Car
Travel
Home
Hiking
Camping
Backpacking
Outdoors","Mountable 
Molle Compatible 
Labeled Pockets For Faster Action in An Emergency
250 Professional Grade First Aid Supplies for Any Emergency
Emergency Supplies Picked By First Aid Experts
Designed in Virginia
First Aid Supplies Grouped By Use Case For Faster Access (Wounds, Burns, Hygiene, Tools, Personal Care)
First Aid Kit For 3-4 People
Advanced Wound Treatment
Zip Stitch Wound Closures - Non-Invasive Wound Closure
Rugged First Aid Kit - Built to Last
Reflective Front Panel - Stay Seen, Stay Safe
Velcro Back Panel - Rip-away system for immediate first aid access 
Tri-Fold Rapid-Access System
FSA / HSA Eligible
The best selling first aid kit from SurviveX
","Mounts to Anything: Car headrests, backpacks, garage & home cabinets. etc.
Ultimate Customization & Modularity of the MOLLE front pannel: arrange, add, or remove pouches, holsters, and accessories. Secure attachment, better weight distribution, rapid access to essential items.
Act Faster in Any Emergency Because Our Labeled Pockets Make it Easier to Navigate This Big & Comprehensive First Aid Kit
Professional Grade Supplies In This Kit Cover Any Emergency
First Aid Supplies Picked by First Aid Experts - Have the right and highly efficient first aid supplies for any emergency, and not just a assortment of bandages that most first aid kits have
Designed in Virginia - Designed by a Trusted US-Based First Aid Brand
First Aid Supplies Grouped By Use Case For Faster Access (Wounds, Burns, Hygiene, Tools, Personal Care) - In case of the emergency nagivate to the right section (Wounds, Burns, Hygiene, Tools, Personal Care), Read the label on the pockets, Find the right First Aid, Take Action 
First Aid Kit For 3-4 People - Large and Comprehensive. Covers a family of 3-4 people
Advanced Wound Treatment - We have included advanced Wound Treatment Components you will not find in any other first aid kit
Zip Stitch Wound Closures - Non-Invasive Wound Closure. Close small cuts, wounds and lacerations in seconds without the need for skin punctures 
Built to Last In any Use Case: Car, Travel, Home, Hiking, Camping, Backpacking, Outdoors
Reflective Front Panel - Stay Seen, Stay Safe. Highly visible front reflection panel allows you to find your first aid kit quickly in the dark. It also allows other to see you better in the dark when the first aid kit is attached to your backpack
Velcro Back Panel - Rip-away system for immediate first aid access. When the kit is mounted to any object, grab it by the top handle and pull down to instantly rip it away. This allows to immediate access to your first aid when every second counts
Tri-Fold Rapid-Access System Allows You To See All First Aid Supplies at a glance
FSA / HSA Eligible for your financial convenience - Use your FSA / HSA funds before they expire.
The best selling first aid kit from SurviveX - 200,000+ kits sold worldwide. SurviveX Large First Aid Kit is a gold standatd on the market of first aid kits
","Durable 900D Polyester Bag
250 Professional Grade First Aid Components 
Weight: 2.8 lbs
Size: 10.4 x 7.3 x 6.7 Inches 
Color: Red 
Recommended Uses: Emergency Preparedness, Car, Home Use, Travel, Hiking, Camping, Backpacking
Organization System: Color-coded, Labeled Compartments, Grouped By Use Case",Durable 900D Polyester,"first aid kit
first aid kit for car
first aid kit for home
first aid kits for businesses
trama first aid kit
first aid kit for camping
emergency first aid kit
1st aid kit
car first aid kit emergency kit
first aid kit supplies
survival first aid kit
large first aid kit
sports first aid kit
vehicle first aid kit
emergency kit for home
car first aid kits for vehicles
workplace first aid kit
trama first aid kit
outdoor first aid kit
fsa first aid kit
commercial first aid kit
home first aid kit complete family
wilderness first aid kit
first aid kit bulk
portable first aid kit
first aid kit for office
hsa first aid kit
first aid kit fsa eligible
office first aid kit
professional first aid kit
first aid kit hsa eligible"
Large Pro First Aid Kit,SX-FAK-LRGE-PRO,150.99,"Car
Travel
Home
Hiking
Camping
Backpacking
Outdoors","The most comprehensive first aid kit from SurviveX
Mountable 
Molle Compatible Hypalon Front Panel
Labeled Pockets For Faster Action in An Emergency
270 Professional Grade First Aid Supplies for Any Emergency
Emergency Supplies Picked By First Aid Experts
Designed in Virginia
First Aid Supplies Grouped By Use Case For Faster Access (Wounds, Burns, Hygiene, Tools, Personal Care)
First Aid Kit For 5-6 People
Advanced Wound Treatment
Zip Stitch Wound Closures - Non-Invasive Wound Closure
Rugged First Aid Kit - Built to Last
Reflective Front Panel - Stay Seen, Stay Safe
Velcro Back Panel - Rip-away system for immediate first aid access
Quad-Fold Rapid-Access System 
FSA / HSA Eligible","Bigger and more advanced than our best-selling ""Large First Aid Kit"" 
Mounts to Anything: Car headrests, backpacks, garage & home cabinets. etc.
Ultimate Customization & Modularity of the MOLLE front pannel: arrange, add, or remove pouches, holsters, and accessories. Secure attachment, better weight distribution, rapid access to essential items.
Act Faster in Any Emergency Because Our Labeled Pockets Make it Easier to Navigate This Big & Comprehensive First Aid Kit
Professional Grade Supplies In This Kit Cover Any Emergency
First Aid Supplies Picked by First Aid Experts - Have the right and highly efficient first aid supplies for any emergency, and not just a assortment of bandages that most first aid kits have
Designed in Virginia - Designed by a Trusted US-Based First Aid Brand
First Aid Supplies Grouped By Use Case For Faster Access (Wounds, Burns, Hygiene, Tools, Personal Care) - In case of the emergency nagivate to the right section (Wounds, Burns, Hygiene, Tools, Personal Care), Read the label on the pockets, Find the right First Aid, Take Action 
First Aid Kit For 5-6 People - Large and Comprehensive. Covers a family of 5-6 people
Advanced Wound Treatment - We have included advanced Wound Treatment Components you will not find in any other first aid kit
Zip Stitch Wound Closures - Non-Invasive Wound Closure. Close small cuts, wounds and lacerations in seconds without the need for skin punctures 
Built to Last In any Use Case: Car, Travel, Home, Hiking, Camping, Backpacking, Outdoors
Reflective Front Panel - Stay Seen, Stay Safe. Highly visible front reflection panel allows you to find your first aid kit quickly in the dark. It also allows other to see you better in the dark when the first aid kit is attached to your backpack
Velcro Back Panel - Rip-away system for immediate first aid access. When the kit is mounted to any object, grab it by the top handle and pull down to instantly rip it away. This allows to immediate access to your first aid when every second counts
Quad-Fold Rapid-Access System (a bigger version of the 3-fold system) Allows You To See All First Aid Supplies at a glance
FSA / HSA Eligible for your financial convenience - Use your FSA / HSA funds before they expire.","Rugged 1200D Polyester Bag
270 Professional Grade First Aid Components 
Weight: 4.85 lbs
Size: 10.3 x 7.3 x 5.2 Inches 
Color: Red 
Recommended Uses: Emergency Preparedness, Car, Home Use, Travel, Hiking, Camping, Backpacking
Organization System: Color-coded, Labeled Compartments, Grouped By Use Case",Rugged 1200D Polyester,"first aid kit
first aid kit for car
first aid kit for home
emergency kit
first aid kits for businesses
trauma first aid kit
tactical first aid kit
1st aid kit
camping first aid kits
trama first kit tactical
emergency first aid kit
large first aid kit
emergency kit for car
survival first aid kit
fsa first aid kit
molle first aid kit
vehicle first aid kit
tactical medical kit
first aid kit fsa eligible
hsa first aid kit
first aid trauma kit
home first aid kit complete family
backpacking first aid kit
emergency trauma kit
professional first aid kit
wilderness first aid kit
first aid kits for workplace
first aid kit fsa
truck first aid kit
first aid kit for sports"
Large Waterproof First Aid kit,SX-FAK-LRG-WP,150.99,"Boats
Kayaks
Water sports
Travel
Hiking
Camping
Backpacking
Outdoors
Home",,,Submersible 600D TPU Bag,Submersible 600D TPU,"first aid kit
first aid kit for car
first aid kit for home
trauma first aid kit
first aid kit with tourniquet
hiking first aid kit
first aid kit camping
emergency first aid kit
survival first aid kit
fsa first aid kit
vehicle first aid kit
backpacking first aid kit
waterproof first aid kit
outdoor first aid kit
portable first aid kit
boat first aid kit
professional first aid kit
wilderness first aid kit
camping 1st aid kit
marine first aid kit
marine first aid kit for boat
hsa eligible first aid kits
emergency first aid kit survival
boat first aid kit waterproof
water proof first aid kits
boating first aid kit
fishing first aid kit
camping outdoor first aid kits
prepper first aid kit
first aid kit for hunters"
Small First Aid Kit,SX-FAK-SMALL,54.99,"Car
Travel
Home
Hiking
Camping
Backpacking
Outdoors",,,Durable 900D Polyester Bag,Durable 900D Polyester,"first aid kit
first aid kit for car
first aid kit for home
mini first aid kit
first aid kits for businesses
first aid kit travel
mini first aid kit travel size
first aid kit camping
camping first aid kit
survival first aid kit
small first aid kit
car first aid kits for vehicles
small first aid kit travel
vehicle first aid kit
first aid kit fsa eligible
emergency first aid kit
first aid kits for vehicles
hsa first aid kit
travel first aid kit mini
travel size first aid kit
sports first aid kit
first aid kit mini
first aid travel kit
first aid kits for workplace
compact first aid kit
basic first aid kit
1st aid kit for home
compact travel first aid kits
outdoor first aid kit
compact first aid kit for car"
Zip Stitch Wound Closure Kit,SX-ZWOUND-MOD,29.99,"Home
Car
Travel
Hiking
Camping
Outdoors","Innovative Zip-Stitch Ratchet Design: Enables three-dimensional skin alignment for precise wound closure.

Hospital-Grade Adhesive: Provides high-strength, long-lasting sticking power even on sweaty or oily skin.

Non-Invasive Needle-Free System: Closes lacerations securely without piercing or puncturing the skin surface.

Integrated Tension Release Button: Allows for manual loosening and re-adjustment of the closure for maximum comfort.

Full-Service Accessory Kit: Includes medical shears, nitrile gloves, gauze, and antiseptic wipes for total care.

Sterile Individual Packaging: Each wound closure is vacuum-sealed to maintain a hygienic, medical-grade environment.

Large Transparent Waterproof Dressing: Provides a secondary protective layer to seal the wound from water and dirt.

Resealable Heavy-Duty Pouch: Keeps all medical components organized and dry in a rugged, waterproof bag.

Laminated Instructions Maual: Includes a durable, easy-to-read guide.

Three-Year Shelf Life: Features clearly printed lot numbers and expiration dates for long-term preparedness.

Breathable Cloth Tape and Gauze: Comes with professional-grade rolls for stabilizing and padding the injury site.

Compact Travel-Ready Profile: Designed to fit easily into backpacks, gloveboxes, or individual first-aid kits.","Avoids Costly ER Visits: Saves hundreds on medical bills by providing a professional-grade wound closure at home.

Painless Needle-Free Design: Ideal for children and seniors, offering a trauma-free alternative to traditional stitches.

Adjustable Zip Tension: A unique mechanism allows for precise skin alignment and comfort with a simple pull.

Minimizes Permanent Scarring: Non-invasive closure eliminates puncture marks for better long-term cosmetic results.

Easy One-Handed Application: Allows solo adventurers to treat themselves effectively in remote or emergency situations.

Industrial-Strength Adhesion: Stays securely attached for days, even when exposed to sweat, oil, or water.

Comprehensive Sterile Kit: Includes gloves, wipes, gauze, and shears for a complete ""stop-the-bleed"" solution.

HSA/FSA Tax-Eligible: A budget-friendly purchase that qualifies for health savings and flexible spending accounts.

Instant Infection Protection: Seals deep cuts immediately to block out environmental bacteria and contaminants.

Versatile Family Use: Effective for high-impact athletes, DIYers, children, and seniors.

Breathable & Lightweight: Promotes faster recovery by keeping the wound stable without irritating the surrounding skin.

Portable & Waterproof: The compact, resealable pouch fits easily into any glovebox, backpack, or gym bag.","Professional-grade zip wound closures
Two-way Adjustable Zip Tension
Adhere securely for prolonged wound closure but lift away cleanly, leaving no residue on the skin
Align skin edges in all three dimensions for quick, effective closure with superior cosmetic outcomes",Resealable Heavy-Duty Pouch,"wound closure strips
wound closure
wound closure kit
zip stitch
wound care kit
zip stitch wound closure strips
laceration closure strips
wound closure device
wound kit
zzips wound closure strips
zipstitch
zip wound closure strips
zip tie bandages
emergency laceration closures
suture bandages skin closure
zip stitch wound closure
emergency wound closure strips
zips wound closure strips
no stitch wound closure
stitchless wound closures
zip close bandage
zip stitch bandages
zips wound closure
zip wound closure kit
zipper bandage
smart stitch bandage
zip bandages
zip close stitches
zip stitches wound closure kit
zip wound closure"
Zip Stitch Wound Closures - 3PCS,SX-ZWOUND-3PCS,19.99,"Home
Car
Travel
Hiking
Camping
Outdoors",,"Avoids Costly ER Visits: Saves hundreds on medical bills by providing a professional-grade wound closure at home.

Painless Needle-Free Design: Ideal for children and seniors, offering a trauma-free alternative to traditional stitches.

Adjustable Zip Tension: A unique mechanism allows for precise skin alignment and comfort with a simple pull.

Minimizes Permanent Scarring: Non-invasive closure eliminates puncture marks for better long-term cosmetic results.

Easy One-Handed Application: Allows solo adventurers to treat themselves effectively in remote or emergency situations.

Industrial-Strength Adhesion: Stays securely attached for days, even when exposed to sweat, oil, or water.

HSA/FSA Tax-Eligible: A budget-friendly purchase that qualifies for health savings and flexible spending accounts.

Instant Infection Protection: Seals deep cuts immediately to block out environmental bacteria and contaminants.

Versatile Family Use: Effective for high-impact athletes, DIYers, children, and seniors.

Breathable & Lightweight: Promotes faster recovery by keeping the wound stable without irritating the surrounding skin.

Portable & Waterproof: The compact, resealable pouch fits easily into any glovebox, backpack, or gym bag.","Professional-grade zip wound closures
Two-way Adjustable Zip Tension
Adhere securely for prolonged wound closure but lift away cleanly, leaving no residue on the skin
Align skin edges in all three dimensions for quick, effective closure with superior cosmetic outcomes",Reusable box,"wound closure strips
zip stitch
zip stitch wound closure strips
wound closure kit
wound closure
stitches bandage
zipstitch
zipstitch wound closure strips
laceration closure strips
zzips wound closure strips
zip stitches wound closure kit
zip stitch bandage
zip wound closure strips
wound closure device
no stitch wound closure
close wounds without stitches
stitchless wound closures
wound closer strips
zip stick bandage
zip strips wound closure
zip close bandage
zip bandages
zip sutures wound closure
zip wound closure
zip wound closure kit
zipstitch wound closure device
zip sutures
zip tie stitches
zipstitch bandage
zip stitch wound closure"
Travel Medicine Kit,SX-MED-MOD,29.99,,,,,,"travel medicine kit
travel medicine
travel size medicine
medicine kit
travel meds
emergency medicine kit
travel medicine packets
travel size medicine packets
cruise medicine travel kit
medicine travel kit
individual medicine packets
mini medicine kit
travel medication kit
first aid kit with medicine
travel medication
travel size meds
travel medical kit
travel size medicine kit
first aid medicine packets
medicine kit for traveling
travel pharmacy kit
travel rx kit
travel rx medicine kit
individually wrapped medicine packets
travelers diarrhea kit
mini tylenol travel packs
travel med kit
travel meds packets
medicine packets
first aid medicine kit"
Israeli Bandages - 2 PCS,SX-ISRAELI-6IN-2PCS,9.99,,,,,,"israeli bandage
isreal bandages kit
emergency trauma dressing
pressure dressing
israeli bandages 4 inch
trauma bandages large wound care
israeli dressing
emergency bandage israeli
trauma bandage
israeli compression bandage
bandage israeli
pressure bandage
trauma bandage kit
pressure dressing for bleeding
pressure bandages for wounds
israeli style emergency bandage
israeli bandage 6 inch
emergency bandage
emergency dressing
trauma wound dressing
pressure bandages to stop bleeding
pressure bandage wrap
israeli gauze
israeli bandages fsa
pressure dressing bandage
emergency compression bandage
combat pressure bandage
israeli bandages 4 and 6 inch
emergency trauma bandage
israeli bandages made in usa"
Hydrogel Burn Dressing Kit,SX-BURN-MOD,24.99,,,,,,"burn bandages
burn dressing
hydrogel wound dressing
burn gel packets
burn kit
hydrogel burn pads
burn care
burn pads
hydrogel bandages
burn patches
burn treatment
burn dressings for wounds
burn kit first aid
burn treatment for skin
burn first aid
burn cream for first aid kit
hydrogel burn bandages
burn first aid kit
first aid burn kit
burn dressing 4x4
burn care products
burn dressing gel soaked 4x4
first aid kit with burn cream
burn gel pads
burn gel first aid
burn ointment first aid
hydrogel burn dressing
burn ointment packets
2nd degree burn treatment
burn patches healing"
Hydrogel Burn Dressings - 5 PCS,SX-BURN-5PCS,19.99,,,,,,"burn bandages
burn dressing
hydrogel wound dressing
burn gel packets
burn kit
hydrogel burn pads
burn care
burn pads
hydrogel bandages
burn patches
burn treatment
burn dressings for wounds
burn kit first aid
burn treatment for skin
burn first aid
burn cream for first aid kit
hydrogel burn bandages
burn first aid kit
first aid burn kit
burn dressing 4x4
burn care products
burn dressing gel soaked 4x4
first aid kit with burn cream
burn gel pads
burn gel first aid
burn ointment first aid
hydrogel burn dressing
burn ointment packets
2nd degree burn treatment
burn patches healing"
